{"cameraMode":{"drawMode":0,"name":"Shaded","section":"Shading Mode"},"sceneLighting":true,"audioPlay":false,"sceneViewState":{"showFog":true,"showMaterialUpdate":false,"showSkybox":true,"showFlares":true,"showImageEffects":true,"showParticleSystems":true,"showVisualEffectGraphs":true,"m_FxEnabled":true},"in2DMode":false,"pivot":{"x":0.07504021376371384,"y":0.1675710678100586,"z":-4.240137100219727},"rotation":{"x":0.0019089773995801807,"y":0.9877934455871582,"z":-0.1553581804037094,"w":0.012146811001002789},"size":1.850743293762207,"orthographic":false}