{"cameraMode":{"drawMode":0,"name":"Shaded","section":"Shading Mode"},"sceneLighting":true,"audioPlay":false,"sceneViewState":{"showFog":true,"showMaterialUpdate":false,"showSkybox":true,"showFlares":true,"showImageEffects":true,"showParticleSystems":true,"showVisualEffectGraphs":true,"m_FxEnabled":true},"in2DMode":false,"pivot":{"x":1.010430932044983,"y":0.48041707277297976,"z":-5.551860809326172},"rotation":{"x":0.18845853209495545,"y":-0.09559223800897598,"z":0.018413998186588289,"w":0.9772768616676331},"size":0.4881651997566223,"orthographic":false}