{"cameraMode":{"drawMode":0,"name":"Shaded","section":"Shading Mode"},"sceneLighting":true,"audioPlay":false,"sceneViewState":{"showFog":true,"showMaterialUpdate":false,"showSkybox":true,"showFlares":true,"showImageEffects":true,"showParticleSystems":true,"showVisualEffectGraphs":true,"m_FxEnabled":true},"in2DMode":false,"pivot":{"x":-0.25470203161239626,"y":-2.8174991607666017,"z":-38.248680114746097},"rotation":{"x":-0.00947941467165947,"y":-0.9948301911354065,"z":0.10124650597572327,"w":-0.005556521471589804},"size":12.12435531616211,"orthographic":false}