{"cameraMode":{"drawMode":0,"name":"Shaded","section":"Shading Mode"},"sceneLighting":true,"audioPlay":false,"sceneViewState":{"showFog":true,"showMaterialUpdate":false,"showSkybox":true,"showFlares":true,"showImageEffects":true,"showParticleSystems":true,"showVisualEffectGraphs":true,"m_FxEnabled":true},"in2DMode":false,"pivot":{"x":-0.25938037037849429,"y":-0.6008309125900269,"z":-24.834909439086915},"rotation":{"x":-0.024223295971751214,"y":0.9328230619430542,"z":-0.34825006127357485,"w":-0.09019378572702408},"size":3.6437289714813234,"orthographic":false}