{"cameraMode":{"drawMode":0,"name":"Shaded","section":"Shading Mode"},"sceneLighting":true,"audioPlay":false,"sceneViewState":{"showFog":true,"showMaterialUpdate":false,"showSkybox":true,"showFlares":true,"showImageEffects":true,"showParticleSystems":true,"showVisualEffectGraphs":true,"m_FxEnabled":true},"in2DMode":false,"pivot":{"x":-2.5158727169036867,"y":1.8609925508499146,"z":-6.997044086456299},"rotation":{"x":0.06907021999359131,"y":0.9336955547332764,"z":-0.18698418140411378,"w":0.29764994978904726},"size":0.9877204298973084,"orthographic":false}