{"cameraMode":{"drawMode":0,"name":"Shaded","section":"Shading Mode"},"sceneLighting":true,"audioPlay":false,"sceneViewState":{"showFog":true,"showMaterialUpdate":false,"showSkybox":true,"showFlares":true,"showImageEffects":true,"showParticleSystems":true,"showVisualEffectGraphs":true,"m_FxEnabled":true},"in2DMode":false,"pivot":{"x":3.3355627059936525,"y":2.699824333190918,"z":-7.472561359405518},"rotation":{"x":0.22714784741401673,"y":-0.49821537733078005,"z":0.13705679774284364,"w":0.8255069255828857},"size":1.1176667213439942,"orthographic":false}