{"cameraMode":{"drawMode":0,"name":"Shaded","section":"Shading Mode"},"sceneLighting":true,"audioPlay":false,"sceneViewState":{"showFog":true,"showMaterialUpdate":false,"showSkybox":true,"showFlares":true,"showImageEffects":true,"showParticleSystems":true,"showVisualEffectGraphs":true,"m_FxEnabled":true},"in2DMode":false,"pivot":{"x":-0.32451924681663515,"y":-1.5645725727081299,"z":-3.2919328212738039},"rotation":{"x":-0.009420346468687058,"y":-0.9580857753753662,"z":0.28637784719467165,"w":-0.0004957975470460951},"size":5.69272518157959,"orthographic":false}