{"cameraMode":{"drawMode":0,"name":"Shaded","section":"Shading Mode"},"sceneLighting":true,"audioPlay":false,"sceneViewState":{"showFog":true,"showMaterialUpdate":false,"showSkybox":true,"showFlares":true,"showImageEffects":true,"showParticleSystems":true,"showVisualEffectGraphs":true,"m_FxEnabled":true},"in2DMode":false,"pivot":{"x":-0.386355459690094,"y":1.9630266427993775,"z":-90.28668975830078},"rotation":{"x":0.00495394691824913,"y":0.9907634854316711,"z":-0.13279084861278535,"w":-0.029518986120820047},"size":0.9437292218208313,"orthographic":false}